ID,Species,Population,Marker,Allele.1,Allele.2,Allele.3,Allele.4
1.01,californica,SD,I3,79,89,,
1.03,californica,SD,I3,79,89,,
2.04,californica,SD,I3,79,89,,
2.05,californica,SD,I3,77,87,89,
2.06,californica,SD,I3,79,89,,
3.01,perennans x rectissima x rectrofracta,SD,I3,75,79,81,
4.01,arcuata x retrofracta x sparsiflora,SD,I3,79,93,,
5.01,californica,SD,I3,79,87,93,
5.02,californica,SD,I3,79,89,,
5.04,californica,SD,I3,79,87,,
6.01,californica,SD,I3,79,89,,
6.02,californica,SD,I3,77,87,,
6.03,californica,SD,I3,79,89,,
6.05,californica,SD,I3,79,89,,
6.09,californica,SD,I3,79,89,,
7.01,perennans,SD,I3,73,77,,
7.06,perennans,SD,I3,81,87,,
8.02,arcuata x retrofracta x sparsiflora,SD,I3,79,93,,
8.07,arcuata x retrofracta x sparsiflora,SD,I3,79,93,,
8.1,arcuata x retrofracta x sparsiflora,SD,I3,79,93,,
8.11,arcuata x retrofracta x sparsiflora,SD,I3,79,93,,
8.12,arcuata x retrofracta x sparsiflora,SD,I3,79,93,,
9.02,californica,SD,I3,79,79,,
9.04,californica,SD,I3,79,89,,
9.06,californica,SD,I3,79,89,,
10.03,californica,SD,I3,79,89,,
10.06,californica,SD,I3,79,89,,
10.09,californica,SD,I3,79,89,,
10.12,californica,SD,I3,79,89,,
11.01,californica,SD,I3,79,89,,
11.02,californica,SD,I3,79,89,,
11.04,californica,SD,I3,79,89,,
11.07,californica,SD,I3,79,89,,
12.01,californica,SD,I3,81,91,93,
12.02,californica,SD,I3,79,87,89,
13.02,californica,SD,I3,79,87,89,
13.05,californica,SD,I3,79,87,89,
13.07,californica,SD,I3,79,87,89,
13.09,californica,SD,I3,79,87,89,
14.02,californica,SD,I3,79,87,89,
14.04,californica,SD,I3,79,87,89,
15.01,californica,LA,I3,79,89,91,
15.02,californica,LA,I3,79,87,89,
15.04,californica,LA,I3,79,87,89,
15.06,californica,LA,I3,79,87,89,
16.01,arcuata,LA,I3,69,87,,
16.02,arcuata,LA,I3,69,87,,
16.03,arcuata,LA,I3,69,87,95,
16.04,arcuata,LA,I3,69,,,
17.04,californica,LA,I3,79,89,,
17.05,californica,LA,I3,79,89,,
17.06,californica,LA,I3,79,89,,
18.01,californica,LA,I3,79,87,,
18.02,californica,LA,I3,79,87,,
19.02,arcuata x sparsiflora x sparsiflora,LA,I3,81,83,89,
19.03,arcuata x sparsiflora x sparsiflora,LA,I3,81,83,89,
19.06,arcuata x sparsiflora x sparsiflora,LA,I3,81,83,89,
19.07,arcuata x sparsiflora x sparsiflora,LA,I3,81,83,89,
20.01,californica,SJ,I3,79,89,,
20.02,californica,SJ,I3,79,89,,
20.05,californica,SJ,I3,79,89,,
20.06,californica,SJ,I3,79,89,,
21.01,californica,SJ,I3,81,89,,
21.02,californica,SJ,I3,77,87,,
22.01,californica,SJ,I3,81,89,,
22.02,californica,SJ,I3,81,89,,
22.03,californica,SJ,I3,81,89,,
22.05,californica,SJ,I3,81,89,,
22.07,californica,SJ,I3,81,89,,
23.01,californica,SD,I3,79,89,,
23.02,californica,SD,I3,79,89,,
24.01,perennans x rectissima x retrofracta,SB,I3,75,79,81,
27.01,perennans x rectissima x retrofracta,SB,I3,75,79,81,
29.01,perennans x rectissima x retrofracta,SB,I3,75,79,81,
31.01,perennans x rectissima x retrofracta,SB,I3,75,79,81,
32.01,perennans x rectissima x retrofracta,SB,I3,75,79,81,
1.01,californica,SD,A1,238,,,
1.03,californica,SD,A1,238,,,
2.04,californica,SD,A1,238,,,
2.05,californica,SD,A1,234,,,
2.06,californica,SD,A1,238,,,
3.01,perennans x rectissima x rectrofracta,SD,A1,238,,,
4.01,arcuata x retrofracta x sparsiflora,SD,A1,238,,,
5.01,californica,SD,A1,238,240,,
5.02,californica,SD,A1,238,,,
5.04,californica,SD,A1,238,,,
6.01,californica,SD,A1,238,,,
6.02,californica,SD,A1,234,,,
6.03,californica,SD,A1,238,,,
6.05,californica,SD,A1,238,,,
6.09,californica,SD,A1,238,,,
7.01,perennans,SD,A1,238,,,
7.06,perennans,SD,A1,234,,,
8.02,arcuata x retrofracta x sparsiflora,SD,A1,238,,,
8.07,arcuata x retrofracta x sparsiflora,SD,A1,238,,,
8.1,arcuata x retrofracta x sparsiflora,SD,A1,238,,,
8.11,arcuata x retrofracta x sparsiflora,SD,A1,238,,,
8.12,arcuata x retrofracta x sparsiflora,SD,A1,238,,,
9.02,californica,SD,A1,238,,,
9.04,californica,SD,A1,240,,,
9.06,californica,SD,A1,238,,,
10.03,californica,SD,A1,238,,,
10.06,californica,SD,A1,238,,,
10.09,californica,SD,A1,238,,,
10.12,californica,SD,A1,238,,,
11.01,californica,SD,A1,238,240,,
11.02,californica,SD,A1,238,,,
11.04,californica,SD,A1,238,,,
11.07,californica,SD,A1,238,,,
12.01,californica,SD,A1,244,,,
12.02,californica,SD,A1,238,,,
13.02,californica,SD,A1,238,,,
13.05,californica,SD,A1,238,,,
13.07,californica,SD,A1,238,,,
13.09,californica,SD,A1,238,,,
14.02,californica,SD,A1,238,,,
14.04,californica,SD,A1,238,,,
15.01,californica,LA,A1,-9,,,
15.02,californica,LA,A1,238,,,
15.04,californica,LA,A1,238,,,
15.06,californica,LA,A1,238,,,
16.01,arcuata,LA,A1,238,,,
16.02,arcuata,LA,A1,238,,,
16.03,arcuata,LA,A1,238,,,
16.04,arcuata,LA,A1,238,,,
17.04,californica,LA,A1,238,,,
17.05,californica,LA,A1,238,,,
17.06,californica,LA,A1,238,,,
18.01,californica,LA,A1,238,,,
18.02,californica,LA,A1,238,,,
19.02,arcuata x sparsiflora x sparsiflora,LA,A1,238,,,
19.03,arcuata x sparsiflora x sparsiflora,LA,A1,238,,,
19.06,arcuata x sparsiflora x sparsiflora,LA,A1,238,,,
19.07,arcuata x sparsiflora x sparsiflora,LA,A1,238,,,
20.01,californica,SJ,A1,238,,,
20.02,californica,SJ,A1,238,,,
20.05,californica,SJ,A1,238,,,
20.06,californica,SJ,A1,238,,,
21.01,californica,SJ,A1,238,,,
21.02,californica,SJ,A1,238,240,,
22.01,californica,SJ,A1,238,,,
22.02,californica,SJ,A1,238,,,
22.03,californica,SJ,A1,236,,,
22.05,californica,SJ,A1,238,,,
22.07,californica,SJ,A1,238,,,
23.01,californica,SD,A1,238,,,
23.02,californica,SD,A1,238,,,
24.01,perennans x rectissima x retrofracta,SB,A1,238,,,
27.01,perennans x rectissima x retrofracta,SB,A1,238,,,
29.01,perennans x rectissima x retrofracta,SB,A1,238,,,
31.01,perennans x rectissima x retrofracta,SB,A1,238,,,
32.01,perennans x rectissima x retrofracta,SB,A1,238,,,
1.01,californica,SD,B20,209,211,,
1.03,californica,SD,B20,209,211,224,
2.04,californica,SD,B20,209,211,,
2.05,californica,SD,B20,-9,,,
2.06,californica,SD,B20,209,211,,
3.01,perennans x rectissima x rectrofracta,SD,B20,207,209,211,
4.01,arcuata x retrofracta x sparsiflora,SD,B20,207,209,214,
5.01,californica,SD,B20,209,211,,
5.02,californica,SD,B20,209,211,,
5.04,californica,SD,B20,209,211,,
6.01,californica,SD,B20,209,211,,
6.02,californica,SD,B20,-9,,,
6.03,californica,SD,B20,209,211,,
6.05,californica,SD,B20,209,211,,
6.09,californica,SD,B20,209,211,,
7.01,perennans,SD,B20,209,,,
7.06,perennans,SD,B20,-9,,,
8.02,arcuata x retrofracta x sparsiflora,SD,B20,207,209,214,
8.07,arcuata x retrofracta x sparsiflora,SD,B20,207,209,214,
8.1,arcuata x retrofracta x sparsiflora,SD,B20,207,209,214,
8.11,arcuata x retrofracta x sparsiflora,SD,B20,207,209,214,
8.12,arcuata x retrofracta x sparsiflora,SD,B20,207,209,214,
9.02,californica,SD,B20,209,211,224,
9.04,californica,SD,B20,211,214,,
9.06,californica,SD,B20,209,211,224,
10.03,californica,SD,B20,209,211,224,
10.06,californica,SD,B20,209,211,224,
10.09,californica,SD,B20,209,211,224,
10.12,californica,SD,B20,209,211,224,
11.01,californica,SD,B20,-9,,,
11.02,californica,SD,B20,209,211,224,
11.04,californica,SD,B20,209,211,224,
11.07,californica,SD,B20,209,211,224,
12.01,californica,SD,B20,-9,,,
12.02,californica,SD,B20,209,211,224,
13.02,californica,SD,B20,209,211,224,
13.05,californica,SD,B20,209,211,224,
13.07,californica,SD,B20,209,211,224,
13.09,californica,SD,B20,209,211,224,
14.02,californica,SD,B20,209,211,224,
14.04,californica,SD,B20,209,211,224,
15.01,californica,LA,B20,209,211,214,
15.02,californica,LA,B20,209,211,222,
15.04,californica,LA,B20,209,211,222,
15.06,californica,LA,B20,209,211,222,
16.01,arcuata,LA,B20,206,211,,
16.02,arcuata,LA,B20,206,211,,
16.03,arcuata,LA,B20,206,211,,
16.04,arcuata,LA,B20,206,211,,
17.04,californica,LA,B20,209,211,222,
17.05,californica,LA,B20,209,211,222,
17.06,californica,LA,B20,209,211,222,
18.01,californica,LA,B20,209,211,222,
18.02,californica,LA,B20,209,211,222,
19.02,arcuata x sparsiflora x sparsiflora,LA,B20,205,207,211,
19.03,arcuata x sparsiflora x sparsiflora,LA,B20,205,207,211,
19.06,arcuata x sparsiflora x sparsiflora,LA,B20,205,207,211,
19.07,arcuata x sparsiflora x sparsiflora,LA,B20,205,207,211,
20.01,californica,SJ,B20,209,211,222,
20.02,californica,SJ,B20,209,211,222,
20.05,californica,SJ,B20,209,211,222,
20.06,californica,SJ,B20,209,211,222,
21.01,californica,SJ,B20,209,211,,
21.02,californica,SJ,B20,211,214,,
22.01,californica,SJ,B20,209,211,,
22.02,californica,SJ,B20,209,211,222,
22.03,californica,SJ,B20,-9,,,
22.05,californica,SJ,B20,209,211,222,
22.07,californica,SJ,B20,209,211,222,
23.01,californica,SD,B20,209,211,226,
23.02,californica,SD,B20,209,211,226,
24.01,perennans x rectissima x retrofracta,SB,B20,207,211,,
27.01,perennans x rectissima x retrofracta,SB,B20,207,211,,
29.01,perennans x rectissima x retrofracta,SB,B20,207,211,,
31.01,perennans x rectissima x retrofracta,SB,B20,207,211,,
32.01,perennans x rectissima x retrofracta,SB,B20,207,211,,
1.01,californica,SD,B11,78,80,,
1.03,californica,SD,B11,80,82,,
2.04,californica,SD,B11,78,80,,
2.05,californica,SD,B11,78,80,,
2.06,californica,SD,B11,78,80,,
3.01,perennans x rectissima x rectrofracta,SD,B11,80,82,,
4.01,arcuata x retrofracta x sparsiflora,SD,B11,80,,,
5.01,californica,SD,B11,-9,,,
5.02,californica,SD,B11,78,80,,
5.04,californica,SD,B11,78,80,,
6.01,californica,SD,B11,78,80,,
6.02,californica,SD,B11,78,80,,
6.03,californica,SD,B11,78,80,,
6.05,californica,SD,B11,78,80,,
6.09,californica,SD,B11,78,80,,
7.01,perennans,SD,B11,82,,,
7.06,perennans,SD,B11,80,82,,
8.02,arcuata x retrofracta x sparsiflora,SD,B11,80,,,
8.07,arcuata x retrofracta x sparsiflora,SD,B11,80,,,
8.1,arcuata x retrofracta x sparsiflora,SD,B11,80,,,
8.11,arcuata x retrofracta x sparsiflora,SD,B11,80,,,
8.12,arcuata x retrofracta x sparsiflora,SD,B11,80,,,
9.02,californica,SD,B11,78,80,,
9.04,californica,SD,B11,78,80,,
9.06,californica,SD,B11,78,80,,
10.03,californica,SD,B11,78,80,,
10.06,californica,SD,B11,78,80,,
10.09,californica,SD,B11,78,80,,
10.12,californica,SD,B11,78,80,,
11.01,californica,SD,B11,78,80,,
11.02,californica,SD,B11,78,80,,
11.04,californica,SD,B11,78,80,,
11.07,californica,SD,B11,78,80,,
12.01,californica,SD,B11,78,80,,
12.02,californica,SD,B11,78,80,,
13.02,californica,SD,B11,78,80,,
13.05,californica,SD,B11,78,80,,
13.07,californica,SD,B11,78,80,,
13.09,californica,SD,B11,78,80,,
14.02,californica,SD,B11,78,80,,
14.04,californica,SD,B11,78,80,,
15.01,californica,LA,B11,78,80,,
15.02,californica,LA,B11,78,80,,
15.04,californica,LA,B11,80,82,,
15.06,californica,LA,B11,78,80,,
16.01,arcuata,LA,B11,78,,,
16.02,arcuata,LA,B11,80,82,,
16.03,arcuata,LA,B11,78,,,
16.04,arcuata,LA,B11,78,,,
17.04,californica,LA,B11,78,80,,
17.05,californica,LA,B11,78,80,,
17.06,californica,LA,B11,78,80,,
18.01,californica,LA,B11,78,80,,
18.02,californica,LA,B11,78,80,,
19.02,arcuata x sparsiflora x sparsiflora,LA,B11,72,78,,
19.03,arcuata x sparsiflora x sparsiflora,LA,B11,72,78,,
19.06,arcuata x sparsiflora x sparsiflora,LA,B11,72,78,,
19.07,arcuata x sparsiflora x sparsiflora,LA,B11,72,78,,
20.01,californica,SJ,B11,78,80,,
20.02,californica,SJ,B11,78,80,,
20.05,californica,SJ,B11,78,80,,
20.06,californica,SJ,B11,78,80,,
21.01,californica,SJ,B11,78,80,,
21.02,californica,SJ,B11,78,80,,
22.01,californica,SJ,B11,78,80,,
22.02,californica,SJ,B11,78,80,,
22.03,californica,SJ,B11,78,80,,
22.05,californica,SJ,B11,78,80,,
22.07,californica,SJ,B11,78,80,,
23.01,californica,SD,B11,78,80,,
23.02,californica,SD,B11,78,80,,
24.01,perennans x rectissima x retrofracta,SB,B11,80,82,,
27.01,perennans x rectissima x retrofracta,SB,B11,80,82,,
29.01,perennans x rectissima x retrofracta,SB,B11,80,82,,
31.01,perennans x rectissima x retrofracta,SB,B11,80,82,,
32.01,perennans x rectissima x retrofracta,SB,B11,80,82,,
1.01,californica,SD,C8,230,250,252,
1.03,californica,SD,C8,-9,,,
2.04,californica,SD,C8,230,250,252,
2.05,californica,SD,C8,230,250,252,
2.06,californica,SD,C8,230,250,252,
3.01,perennans x rectissima x rectrofracta,SD,C8,242,262,,
4.01,arcuata x retrofracta x sparsiflora,SD,C8,230,242,250,
5.01,californica,SD,C8,-9,,,
5.02,californica,SD,C8,230,250,252,
5.04,californica,SD,C8,230,250,252,
6.01,californica,SD,C8,230,250,252,
6.02,californica,SD,C8,230,250,252,
6.03,californica,SD,C8,230,250,252,
6.05,californica,SD,C8,230,250,252,
6.09,californica,SD,C8,230,250,252,
7.01,perennans,SD,C8,246,260,,
7.06,perennans,SD,C8,-9,,,
8.02,arcuata x retrofracta x sparsiflora,SD,C8,230,242,250,
8.07,arcuata x retrofracta x sparsiflora,SD,C8,230,242,250,
8.1,arcuata x retrofracta x sparsiflora,SD,C8,230,242,250,
8.11,arcuata x retrofracta x sparsiflora,SD,C8,230,242,250,
8.12,arcuata x retrofracta x sparsiflora,SD,C8,230,242,250,
9.02,californica,SD,C8,230,248,252,
9.04,californica,SD,C8,230,248,252,
9.06,californica,SD,C8,230,248,252,
10.03,californica,SD,C8,230,248,252,
10.06,californica,SD,C8,230,248,252,
10.09,californica,SD,C8,230,248,252,
10.12,californica,SD,C8,230,248,252,
11.01,californica,SD,C8,230,248,252,
11.02,californica,SD,C8,230,248,252,
11.04,californica,SD,C8,230,248,252,
11.07,californica,SD,C8,-9,,,
12.01,californica,SD,C8,230,250,252,
12.02,californica,SD,C8,230,250,252,
13.02,californica,SD,C8,230,250,252,
13.05,californica,SD,C8,-9,,,
13.07,californica,SD,C8,230,250,252,
13.09,californica,SD,C8,230,250,252,
14.02,californica,SD,C8,230,250,252,
14.04,californica,SD,C8,230,250,252,
15.01,californica,LA,C8,230,248,252,
15.02,californica,LA,C8,230,248,252,
15.04,californica,LA,C8,-9,,,
15.06,californica,LA,C8,230,248,252,
16.01,arcuata,LA,C8,248,,,
16.02,arcuata,LA,C8,236,,,
16.03,arcuata,LA,C8,248,,,
16.04,arcuata,LA,C8,-9,,,
17.04,californica,LA,C8,230,248,250,
17.05,californica,LA,C8,230,248,250,
17.06,californica,LA,C8,230,248,250,
18.01,californica,LA,C8,230,248,250,
18.02,californica,LA,C8,230,248,250,
19.02,arcuata x sparsiflora x sparsiflora,LA,C8,242,252,,
19.03,arcuata x sparsiflora x sparsiflora,LA,C8,242,252,,
19.06,arcuata x sparsiflora x sparsiflora,LA,C8,242,252,,
19.07,arcuata x sparsiflora x sparsiflora,LA,C8,242,252,,
20.01,californica,SJ,C8,230,246,250,
20.02,californica,SJ,C8,230,246,250,
20.05,californica,SJ,C8,230,246,250,
20.06,californica,SJ,C8,230,246,250,
21.01,californica,SJ,C8,230,248,252,
21.02,californica,SJ,C8,230,248,252,
22.01,californica,SJ,C8,230,248,252,
22.02,californica,SJ,C8,230,248,252,
22.03,californica,SJ,C8,230,248,252,
22.05,californica,SJ,C8,230,248,252,
22.07,californica,SJ,C8,230,248,252,
23.01,californica,SD,C8,230,236,252,
23.02,californica,SD,C8,230,236,252,
24.01,perennans x rectissima x retrofracta,SB,C8,242,258,262,
27.01,perennans x rectissima x retrofracta,SB,C8,242,258,262,
29.01,perennans x rectissima x retrofracta,SB,C8,242,258,262,
31.01,perennans x rectissima x retrofracta,SB,C8,242,258,262,
32.01,perennans x rectissima x retrofracta,SB,C8,242,258,262,
1.01,californica,SD,I14,210,214,217,220
1.03,californica,SD,I14,-9,,,
2.04,californica,SD,I14,210,214,217,220
2.05,californica,SD,I14,210,214,217,220
2.06,californica,SD,I14,210,214,217,220
3.01,perennans x rectissima x rectrofracta,SD,I14,214,217,220,
4.01,arcuata x retrofracta x sparsiflora,SD,I14,210,214,217,
5.01,californica,SD,I14,-9,,,
5.02,californica,SD,I14,210,214,217,220
5.04,californica,SD,I14,210,214,217,220
6.01,californica,SD,I14,210,214,217,220
6.02,californica,SD,I14,210,214,217,220
6.03,californica,SD,I14,210,214,217,220
6.05,californica,SD,I14,210,214,217,220
6.09,californica,SD,I14,210,214,217,220
7.01,perennans,SD,I14,220,224,,
7.06,perennans,SD,I14,210,214,217,220
8.02,arcuata x retrofracta x sparsiflora,SD,I14,210,214,217,
8.07,arcuata x retrofracta x sparsiflora,SD,I14,210,214,217,
8.1,arcuata x retrofracta x sparsiflora,SD,I14,210,214,217,
8.11,arcuata x retrofracta x sparsiflora,SD,I14,210,214,217,
8.12,arcuata x retrofracta x sparsiflora,SD,I14,210,214,217,
9.02,californica,SD,I14,210,214,217,220
9.04,californica,SD,I14,210,214,217,220
9.06,californica,SD,I14,210,214,217,220
10.03,californica,SD,I14,210,214,217,220
10.06,californica,SD,I14,210,214,217,220
10.09,californica,SD,I14,210,214,217,220
10.12,californica,SD,I14,210,214,217,220
11.01,californica,SD,I14,210,214,217,220
11.02,californica,SD,I14,210,214,217,220
11.04,californica,SD,I14,210,214,217,220
11.07,californica,SD,I14,210,214,217,220
12.01,californica,SD,I14,210,214,217,220
12.02,californica,SD,I14,210,214,217,220
13.02,californica,SD,I14,210,214,217,220
13.05,californica,SD,I14,210,214,217,220
13.07,californica,SD,I14,210,214,217,220
13.09,californica,SD,I14,210,214,217,220
14.02,californica,SD,I14,210,214,217,220
14.04,californica,SD,I14,210,214,217,220
15.01,californica,LA,I14,210,214,217,220
15.02,californica,LA,I14,210,214,217,220
15.04,californica,LA,I14,210,214,217,220
15.06,californica,LA,I14,210,214,217,220
16.01,arcuata,LA,I14,217,220,,
16.02,arcuata,LA,I14,-9,,,
16.03,arcuata,LA,I14,217,220,,
16.04,arcuata,LA,I14,217,220,,
17.04,californica,LA,I14,210,214,217,220
17.05,californica,LA,I14,210,214,217,220
17.06,californica,LA,I14,210,214,217,220
18.01,californica,LA,I14,210,214,217,220
18.02,californica,LA,I14,210,214,217,220
19.02,arcuata x sparsiflora x sparsiflora,LA,I14,210,214,217,220
19.03,arcuata x sparsiflora x sparsiflora,LA,I14,210,214,217,220
19.06,arcuata x sparsiflora x sparsiflora,LA,I14,210,214,217,220
19.07,arcuata x sparsiflora x sparsiflora,LA,I14,210,214,217,219
20.01,californica,SJ,I14,210,214,217,220
20.02,californica,SJ,I14,210,214,217,220
20.05,californica,SJ,I14,210,214,217,220
20.06,californica,SJ,I14,210,214,217,220
21.01,californica,SJ,I14,210,214,217,220
21.02,californica,SJ,I14,210,214,217,220
22.01,californica,SJ,I14,210,214,217,220
22.02,californica,SJ,I14,210,214,217,220
22.03,californica,SJ,I14,210,214,217,220
22.05,californica,SJ,I14,210,214,217,220
22.07,californica,SJ,I14,210,214,217,220
23.01,californica,SD,I14,210,214,217,220
23.02,californica,SD,I14,210,214,217,220
24.01,perennans x rectissima x retrofracta,SB,I14,214,217,220,
27.01,perennans x rectissima x retrofracta,SB,I14,214,217,220,
29.01,perennans x rectissima x retrofracta,SB,I14,214,217,220,
31.01,perennans x rectissima x retrofracta,SB,I14,214,217,220,
32.01,perennans x rectissima x retrofracta,SB,I14,214,217,220,
1.01,californica,SD,B9,86,92,96,102
1.03,californica,SD,B9,86,92,96,102
2.04,californica,SD,B9,86,90,,
2.05,californica,SD,B9,86,92,96,102
2.06,californica,SD,B9,95,99,,
3.01,perennans x rectissima x rectrofracta,SD,B9,88,92,,
4.01,arcuata x retrofracta x sparsiflora,SD,B9,84,90,,
5.01,californica,SD,B9,80,86,,
5.02,californica,SD,B9,86,92,96,102
5.04,californica,SD,B9,86,92,96,102
6.01,californica,SD,B9,86,92,96,102
6.02,californica,SD,B9,86,92,96,102
6.03,californica,SD,B9,86,92,96,102
6.05,californica,SD,B9,86,92,96,102
6.09,californica,SD,B9,86,92,96,102
7.01,perennans,SD,B9,88,92,,
7.06,perennans,SD,B9,84,90,,
8.02,arcuata x retrofracta x sparsiflora,SD,B9,88,94,98,
8.07,arcuata x retrofracta x sparsiflora,SD,B9,88,94,98,
8.1,arcuata x retrofracta x sparsiflora,SD,B9,88,92,,
8.11,arcuata x retrofracta x sparsiflora,SD,B9,88,92,98,
8.12,arcuata x retrofracta x sparsiflora,SD,B9,88,92,98,
9.02,californica,SD,B9,-9,,,
9.04,californica,SD,B9,86,92,96,102
9.06,californica,SD,B9,84,90,94,98
10.03,californica,SD,B9,86,92,96,102
10.06,californica,SD,B9,86,92,96,102
10.09,californica,SD,B9,86,92,96,
10.12,californica,SD,B9,86,92,96,102
11.01,californica,SD,B9,86,92,96,102
11.02,californica,SD,B9,86,92,96,102
11.04,californica,SD,B9,86,92,96,102
11.07,californica,SD,B9,86,92,96,102
12.01,californica,SD,B9,86,92,96,102
12.02,californica,SD,B9,86,92,96,102
13.02,californica,SD,B9,86,92,96,102
13.05,californica,SD,B9,86,92,96,102
13.07,californica,SD,B9,86,92,96,102
13.09,californica,SD,B9,86,92,96,
14.02,californica,SD,B9,86,92,86,102
14.04,californica,SD,B9,98,104,,
15.01,californica,LA,B9,-9,,,
15.02,californica,LA,B9,80,86,92,96
15.04,californica,LA,B9,80,86,92,96
15.06,californica,LA,B9,80,86,92,96
16.01,arcuata,LA,B9,90,96,,
16.02,arcuata,LA,B9,90,96,,
16.03,arcuata,LA,B9,90,96,,
16.04,arcuata,LA,B9,90,96,,
17.04,californica,LA,B9,86,92,96,102
17.05,californica,LA,B9,86,92,96,102
17.06,californica,LA,B9,88,94,,
18.01,californica,LA,B9,86,92,96,102
18.02,californica,LA,B9,92,,,
19.02,arcuata x sparsiflora x sparsiflora,LA,B9,88,94,100,106
19.03,arcuata x sparsiflora x sparsiflora,LA,B9,88,94,100,106
19.06,arcuata x sparsiflora x sparsiflora,LA,B9,88,94,100,
19.07,arcuata x sparsiflora x sparsiflora,LA,B9,88,94,100,106
20.01,californica,SJ,B9,86,92,96,102
20.02,californica,SJ,B9,86,92,96,102
20.05,californica,SJ,B9,86,92,96,102
20.06,californica,SJ,B9,86,92,96,102
21.01,californica,SJ,B9,86,92,96,102
21.02,californica,SJ,B9,-9,,,
22.01,californica,SJ,B9,86,92,96,102
22.02,californica,SJ,B9,86,92,96,102
22.03,californica,SJ,B9,86,92,96,102
22.05,californica,SJ,B9,86,92,96,102
22.07,californica,SJ,B9,86,92,96,102
23.01,californica,SD,B9,86,92,96,102
23.02,californica,SD,B9,86,92,96,
24.01,perennans x rectissima x retrofracta,SB,B9,82,88,100,106
27.01,perennans x rectissima x retrofracta,SB,B9,82,88,100,106
29.01,perennans x rectissima x retrofracta,SB,B9,92,96,102,
31.01,perennans x rectissima x retrofracta,SB,B9,82,88,100,106
32.01,perennans x rectissima x retrofracta,SB,B9,92,96,100,
1.01,californica,SD,E9,201,203,207,
1.03,californica,SD,E9,201,203,207,
2.04,californica,SD,E9,199,203,,
2.05,californica,SD,E9,201,203,207,
2.06,californica,SD,E9,199,,,
3.01,perennans x rectissima x rectrofracta,SD,E9,199,,,
4.01,arcuata x retrofracta x sparsiflora,SD,E9,199,,,
5.01,californica,SD,E9,201,203,,
5.02,californica,SD,E9,201,203,207,
5.04,californica,SD,E9,201,203,207,
6.01,californica,SD,E9,201,203,207,
6.02,californica,SD,E9,201,203,207,
6.03,californica,SD,E9,199,,,
6.05,californica,SD,E9,201,203,207,
6.09,californica,SD,E9,201,203,207,
7.01,perennans,SD,E9,199,,,
7.06,perennans,SD,E9,199,,,
8.02,arcuata x retrofracta x sparsiflora,SD,E9,201,203,205,
8.07,arcuata x retrofracta x sparsiflora,SD,E9,201,203,,
8.1,arcuata x retrofracta x sparsiflora,SD,E9,201,,,
8.11,arcuata x retrofracta x sparsiflora,SD,E9,201,203,,
8.12,arcuata x retrofracta x sparsiflora,SD,E9,201,203,,
9.02,californica,SD,E9,-9,,,
9.04,californica,SD,E9,201,203,,
9.06,californica,SD,E9,201,203,205,
10.03,californica,SD,E9,201,203,207,
10.06,californica,SD,E9,201,203,207,
10.09,californica,SD,E9,201,203,205,
10.12,californica,SD,E9,201,203,,
11.01,californica,SD,E9,201,203,,
11.02,californica,SD,E9,201,203,,
11.04,californica,SD,E9,201,203,,
11.07,californica,SD,E9,201,203,,
12.01,californica,SD,E9,201,203,,
12.02,californica,SD,E9,201,203,207,
13.02,californica,SD,E9,201,203,209,
13.05,californica,SD,E9,201,203,,
13.07,californica,SD,E9,201,203,209,
13.09,californica,SD,E9,-9,,,
14.02,californica,SD,E9,201,203,,
14.04,californica,SD,E9,-9,,,
15.01,californica,LA,E9,-9,,,
15.02,californica,LA,E9,201,203,,
15.04,californica,LA,E9,201,203,,
15.06,californica,LA,E9,201,203,,
16.01,arcuata,LA,E9,203,,,
16.02,arcuata,LA,E9,203,,,
16.03,arcuata,LA,E9,203,,,
16.04,arcuata,LA,E9,203,,,
17.04,californica,LA,E9,201,203,207,
17.05,californica,LA,E9,201,203,,
17.06,californica,LA,E9,-9,,,
18.01,californica,LA,E9,201,203,,
18.02,californica,LA,E9,-9,,,
19.02,arcuata x sparsiflora x sparsiflora,LA,E9,203,,,
19.03,arcuata x sparsiflora x sparsiflora,LA,E9,203,,,
19.06,arcuata x sparsiflora x sparsiflora,LA,E9,-9,,,
19.07,arcuata x sparsiflora x sparsiflora,LA,E9,203,,,
20.01,californica,SJ,E9,201,203,207,
20.02,californica,SJ,E9,201,203,207,
20.05,californica,SJ,E9,201,203,,
20.06,californica,SJ,E9,201,203,,
21.01,californica,SJ,E9,201,203,,
21.02,californica,SJ,E9,-9,,,
22.01,californica,SJ,E9,201,203,,
22.02,californica,SJ,E9,201,203,207,
22.03,californica,SJ,E9,201,203,,
22.05,californica,SJ,E9,201,203,,
22.07,californica,SJ,E9,201,203,,
23.01,californica,SD,E9,201,203,,
23.02,californica,SD,E9,201,203,,
24.01,perennans x rectissima x retrofracta,SB,E9,199,209,,
27.01,perennans x rectissima x retrofracta,SB,E9,199,209,,
29.01,perennans x rectissima x retrofracta,SB,E9,-9,,,
31.01,perennans x rectissima x retrofracta,SB,E9,185,187,,
32.01,perennans x rectissima x retrofracta,SB,E9,201,203,,
1.01,californica,SD,BF18,113,117,,
1.03,californica,SD,BF18,113,117,,
2.04,californica,SD,BF18,113,117,,
2.05,californica,SD,BF18,113,117,,
2.06,californica,SD,BF18,117,124,,
3.01,perennans x rectissima x rectrofracta,SD,BF18,120,,,
4.01,arcuata x retrofracta x sparsiflora,SD,BF18,117,,,
5.01,californica,SD,BF18,113,120,,
5.02,californica,SD,BF18,113,117,,
5.04,californica,SD,BF18,110,115,120,
6.01,californica,SD,BF18,113,117,,
6.02,californica,SD,BF18,113,117,,
6.03,californica,SD,BF18,113,117,,
6.05,californica,SD,BF18,113,117,,
6.09,californica,SD,BF18,113,117,,
7.01,perennans,SD,BF18,117,,,
7.06,perennans,SD,BF18,117,,,
8.02,arcuata x retrofracta x sparsiflora,SD,BF18,113,115,117,
8.07,arcuata x retrofracta x sparsiflora,SD,BF18,113,115,117,
8.1,arcuata x retrofracta x sparsiflora,SD,BF18,109,113,117,
8.11,arcuata x retrofracta x sparsiflora,SD,BF18,113,115,117,
8.12,arcuata x retrofracta x sparsiflora,SD,BF18,113,115,117,
9.02,californica,SD,BF18,-9,,,
9.04,californica,SD,BF18,113,117,,
9.06,californica,SD,BF18,110,113,,
10.03,californica,SD,BF18,113,117,,
10.06,californica,SD,BF18,113,117,,
10.09,californica,SD,BF18,110,113,117,
10.12,californica,SD,BF18,113,117,,
11.01,californica,SD,BF18,113,117,,
11.02,californica,SD,BF18,113,117,,
11.04,californica,SD,BF18,113,117,,
11.07,californica,SD,BF18,113,115,117,
12.01,californica,SD,BF18,113,117,,
12.02,californica,SD,BF18,113,117,,
13.02,californica,SD,BF18,113,117,,
13.05,californica,SD,BF18,113,117,,
13.07,californica,SD,BF18,113,117,,
13.09,californica,SD,BF18,113,117,,
14.02,californica,SD,BF18,113,117,,
14.04,californica,SD,BF18,115,118,,
15.01,californica,LA,BF18,-9,,,
15.02,californica,LA,BF18,113,117,,
15.04,californica,LA,BF18,113,117,,
15.06,californica,LA,BF18,113,117,,
16.01,arcuata,LA,BF18,113,117,,
16.02,arcuata,LA,BF18,113,,,
16.03,arcuata,LA,BF18,113,,,
16.04,arcuata,LA,BF18,113,,,
17.04,californica,LA,BF18,113,117,,
17.05,californica,LA,BF18,113,117,,
17.06,californica,LA,BF18,109,113,117,
18.01,californica,LA,BF18,113,117,,
18.02,californica,LA,BF18,113,117,,
19.02,arcuata x sparsiflora x sparsiflora,LA,BF18,113,115,,
19.03,arcuata x sparsiflora x sparsiflora,LA,BF18,113,115,,
19.06,arcuata x sparsiflora x sparsiflora,LA,BF18,113,115,,
19.07,arcuata x sparsiflora x sparsiflora,LA,BF18,113,115,,
20.01,californica,SJ,BF18,113,117,,
20.02,californica,SJ,BF18,113,117,,
20.05,californica,SJ,BF18,113,115,117,
20.06,californica,SJ,BF18,113,117,,
21.01,californica,SJ,BF18,113,117,,
21.02,californica,SJ,BF18,113,117,,
22.01,californica,SJ,BF18,113,117,,
22.02,californica,SJ,BF18,113,117,,
22.03,californica,SJ,BF18,113,117,,
22.05,californica,SJ,BF18,-9,,,
22.07,californica,SJ,BF18,113,117,,
23.01,californica,SD,BF18,113,117,,
23.02,californica,SD,BF18,113,117,120,
24.01,perennans x rectissima x retrofracta,SB,BF18,113,117,,
27.01,perennans x rectissima x retrofracta,SB,BF18,113,117,,
29.01,perennans x rectissima x retrofracta,SB,BF18,113,115,,
31.01,perennans x rectissima x retrofracta,SB,BF18,115,119,,
32.01,perennans x rectissima x retrofracta,SB,BF18,-9,,,
1.01,californica,SD,BF3,93,103,,
1.03,californica,SD,BF3,93,103,119,
2.04,californica,SD,BF3,93,105,,
2.05,californica,SD,BF3,93,105,,
2.06,californica,SD,BF3,93,105,,
3.01,perennans x rectissima x rectrofracta,SD,BF3,93,,,
4.01,arcuata x retrofracta x sparsiflora,SD,BF3,101,119,,
5.01,californica,SD,BF3,93,103,,
5.02,californica,SD,BF3,93,103,,
5.04,californica,SD,BF3,93,103,,
6.01,californica,SD,BF3,93,103,,
6.02,californica,SD,BF3,93,103,,
6.03,californica,SD,BF3,93,103,,
6.05,californica,SD,BF3,93,103,,
6.09,californica,SD,BF3,93,103,,
7.01,perennans,SD,BF3,111,119,,
7.06,perennans,SD,BF3,111,119,,
8.02,arcuata x retrofracta x sparsiflora,SD,BF3,101,119,,
8.07,arcuata x retrofracta x sparsiflora,SD,BF3,101,119,,
8.1,arcuata x retrofracta x sparsiflora,SD,BF3,101,119,,
8.11,arcuata x retrofracta x sparsiflora,SD,BF3,93,101,123,
8.12,arcuata x retrofracta x sparsiflora,SD,BF3,103,101,123,
9.02,californica,SD,BF3,93,103,119,
9.04,californica,SD,BF3,93,103,119,
9.06,californica,SD,BF3,93,103,119,
10.03,californica,SD,BF3,93,103,119,
10.06,californica,SD,BF3,93,103,119,
10.09,californica,SD,BF3,93,103,119,
10.12,californica,SD,BF3,93,103,119,
11.01,californica,SD,BF3,93,103,119,
11.02,californica,SD,BF3,93,103,119,
11.04,californica,SD,BF3,93,103,119,
11.07,californica,SD,BF3,93,103,119,
12.01,californica,SD,BF3,93,103,117,
12.02,californica,SD,BF3,93,103,117,
13.02,californica,SD,BF3,93,103,117,
13.05,californica,SD,BF3,93,103,117,
13.07,californica,SD,BF3,93,103,117,
13.09,californica,SD,BF3,93,103,117,
14.02,californica,SD,BF3,93,103,117,
14.04,californica,SD,BF3,93,103,117,
15.01,californica,LA,BF3,103,123,,
15.02,californica,LA,BF3,103,123,,
15.04,californica,LA,BF3,103,123,,
15.06,californica,LA,BF3,103,123,,
16.01,arcuata,LA,BF3,-9,,,
16.02,arcuata,LA,BF3,107,,,
16.03,arcuata,LA,BF3,107,,,
16.04,arcuata,LA,BF3,107,,,
17.04,californica,LA,BF3,93,103,,
17.05,californica,LA,BF3,93,103,107,
17.06,californica,LA,BF3,93,103,107,
18.01,californica,LA,BF3,93,103,107,
18.02,californica,LA,BF3,93,103,107,
19.02,arcuata x sparsiflora x sparsiflora,LA,BF3,-9,,,
19.03,arcuata x sparsiflora x sparsiflora,LA,BF3,103,111,119,
19.06,arcuata x sparsiflora x sparsiflora,LA,BF3,103,111,119,
19.07,arcuata x sparsiflora x sparsiflora,LA,BF3,103,111,119,
20.01,californica,SJ,BF3,93,103,119,
20.02,californica,SJ,BF3,93,103,119,
20.05,californica,SJ,BF3,93,103,119,
20.06,californica,SJ,BF3,93,103,119,
21.01,californica,SJ,BF3,93,119,,
21.02,californica,SJ,BF3,93,119,,
22.01,californica,SJ,BF3,93,119,,
22.02,californica,SJ,BF3,93,119,,
22.03,californica,SJ,BF3,93,119,,
22.05,californica,SJ,BF3,93,119,,
22.07,californica,SJ,BF3,93,119,,
23.01,californica,SD,BF3,93,103,117,
23.02,californica,SD,BF3,93,103,117,
24.01,perennans x rectissima x retrofracta,SB,BF3,93,,,
27.01,perennans x rectissima x retrofracta,SB,BF3,93,,,
29.01,perennans x rectissima x retrofracta,SB,BF3,93,,,
31.01,perennans x rectissima x retrofracta,SB,BF3,93,,,
32.01,perennans x rectissima x retrofracta,SB,BF3,93,,,
1.01,californica,SD,B6,297,299,301,
1.03,californica,SD,B6,297,299,301,
2.04,californica,SD,B6,297,299,301,
2.05,californica,SD,B6,297,299,301,
2.06,californica,SD,B6,297,299,301,
3.01,perennans x rectissima x rectrofracta,SD,B6,299,301,,
4.01,arcuata x retrofracta x sparsiflora,SD,B6,299,301,,
5.01,californica,SD,B6,297,299,301,
5.02,californica,SD,B6,297,299,301,
5.04,californica,SD,B6,297,299,301,
6.01,californica,SD,B6,297,299,301,
6.02,californica,SD,B6,297,299,301,
6.03,californica,SD,B6,297,299,301,
6.05,californica,SD,B6,297,299,301,
6.09,californica,SD,B6,297,299,301,
7.01,perennans,SD,B6,301,303,,
7.06,perennans,SD,B6,301,303,,
8.02,arcuata x retrofracta x sparsiflora,SD,B6,299,301,,
8.07,arcuata x retrofracta x sparsiflora,SD,B6,299,301,,
8.1,arcuata x retrofracta x sparsiflora,SD,B6,299,301,,
8.11,arcuata x retrofracta x sparsiflora,SD,B6,299,301,,
8.12,arcuata x retrofracta x sparsiflora,SD,B6,299,301,,
9.02,californica,SD,B6,297,299,301,
9.04,californica,SD,B6,297,299,301,
9.06,californica,SD,B6,297,299,301,
10.03,californica,SD,B6,297,299,301,
10.06,californica,SD,B6,297,299,301,
10.09,californica,SD,B6,297,299,301,
10.12,californica,SD,B6,297,299,301,
11.01,californica,SD,B6,297,299,301,
11.02,californica,SD,B6,297,299,301,
11.04,californica,SD,B6,-9,,,
11.07,californica,SD,B6,297,299,301,
12.01,californica,SD,B6,297,299,301,
12.02,californica,SD,B6,297,299,301,
13.02,californica,SD,B6,297,299,301,
13.05,californica,SD,B6,297,299,301,
13.07,californica,SD,B6,297,299,301,
13.09,californica,SD,B6,297,299,301,
14.02,californica,SD,B6,297,299,301,
14.04,californica,SD,B6,297,299,301,
15.01,californica,LA,B6,297,299,301,
15.02,californica,LA,B6,297,299,301,
15.04,californica,LA,B6,297,299,301,
15.06,californica,LA,B6,297,299,301,
16.01,arcuata,LA,B6,299,,,
16.02,arcuata,LA,B6,299,,,
16.03,arcuata,LA,B6,299,,,
16.04,arcuata,LA,B6,299,,,
17.04,californica,LA,B6,299,301,,
17.05,californica,LA,B6,297,299,301,
17.06,californica,LA,B6,297,299,301,
18.01,californica,LA,B6,297,299,301,
18.02,californica,LA,B6,297,299,301,
19.02,arcuata x sparsiflora x sparsiflora,LA,B6,297,299,301,
19.03,arcuata x sparsiflora x sparsiflora,LA,B6,299,301,,
19.06,arcuata x sparsiflora x sparsiflora,LA,B6,299,301,,
19.07,arcuata x sparsiflora x sparsiflora,LA,B6,299,301,,
20.01,californica,SJ,B6,297,299,301,
20.02,californica,SJ,B6,297,299,301,
20.05,californica,SJ,B6,297,299,301,
20.06,californica,SJ,B6,297,299,301,
21.01,californica,SJ,B6,297,299,301,
21.02,californica,SJ,B6,297,299,301,
22.01,californica,SJ,B6,297,299,301,
22.02,californica,SJ,B6,297,299,301,
22.03,californica,SJ,B6,297,299,301,
22.05,californica,SJ,B6,297,299,301,
22.07,californica,SJ,B6,297,299,301,
23.01,californica,SD,B6,297,299,301,
23.02,californica,SD,B6,297,299,301,
24.01,perennans x rectissima x retrofracta,SB,B6,299,301,303,
27.01,perennans x rectissima x retrofracta,SB,B6,299,301,303,
29.01,perennans x rectissima x retrofracta,SB,B6,299,301,303,
31.01,perennans x rectissima x retrofracta,SB,B6,299,301,303,
32.01,perennans x rectissima x retrofracta,SB,B6,299,301,303,
1.01,californica,SD,BF19,155,167,,
1.03,californica,SD,BF19,155,167,,
2.04,californica,SD,BF19,155,167,,
2.05,californica,SD,BF19,155,167,,
2.06,californica,SD,BF19,155,167,,
3.01,perennans x rectissima x rectrofracta,SD,BF19,147,155,,
4.01,arcuata x retrofracta x sparsiflora,SD,BF19,147,167,,
5.01,californica,SD,BF19,155,167,,
5.02,californica,SD,BF19,155,167,,
5.04,californica,SD,BF19,155,167,,
6.01,californica,SD,BF19,155,167,,
6.02,californica,SD,BF19,155,167,,
6.03,californica,SD,BF19,155,167,,
6.05,californica,SD,BF19,155,167,,
6.09,californica,SD,BF19,155,167,,
7.01,perennans,SD,BF19,153,159,,
7.06,perennans,SD,BF19,153,159,,
8.02,arcuata x retrofracta x sparsiflora,SD,BF19,147,167,,
8.07,arcuata x retrofracta x sparsiflora,SD,BF19,147,167,,
8.1,arcuata x retrofracta x sparsiflora,SD,BF19,147,167,,
8.11,arcuata x retrofracta x sparsiflora,SD,BF19,147,167,,
8.12,arcuata x retrofracta x sparsiflora,SD,BF19,147,167,,
9.02,californica,SD,BF19,155,167,,
9.04,californica,SD,BF19,155,167,,
9.06,californica,SD,BF19,155,167,,
10.03,californica,SD,BF19,155,167,,
10.06,californica,SD,BF19,155,167,,
10.09,californica,SD,BF19,155,167,,
10.12,californica,SD,BF19,155,167,,
11.01,californica,SD,BF19,155,167,,
11.02,californica,SD,BF19,155,167,,
11.04,californica,SD,BF19,155,167,,
11.07,californica,SD,BF19,155,167,,
12.01,californica,SD,BF19,147,167,,
12.02,californica,SD,BF19,147,167,,
13.02,californica,SD,BF19,147,167,,
13.05,californica,SD,BF19,147,167,,
13.07,californica,SD,BF19,147,167,,
13.09,californica,SD,BF19,147,167,,
14.02,californica,SD,BF19,147,167,,
14.04,californica,SD,BF19,147,167,,
15.01,californica,LA,BF19,155,167,,
15.02,californica,LA,BF19,155,167,,
15.04,californica,LA,BF19,155,167,,
15.06,californica,LA,BF19,155,167,,
16.01,arcuata,LA,BF19,-9,,,
16.02,arcuata,LA,BF19,161,163,,
16.03,arcuata,LA,BF19,161,163,,
16.04,arcuata,LA,BF19,161,163,,
17.04,californica,LA,BF19,-9,,,
17.05,californica,LA,BF19,159,167,,
17.06,californica,LA,BF19,159,167,,
18.01,californica,LA,BF19,159,167,,
18.02,californica,LA,BF19,159,167,,
19.02,arcuata x sparsiflora x sparsiflora,LA,BF19,-9,,,
19.03,arcuata x sparsiflora x sparsiflora,LA,BF19,145,147,163,
19.06,arcuata x sparsiflora x sparsiflora,LA,BF19,145,147,163,
19.07,arcuata x sparsiflora x sparsiflora,LA,BF19,145,147,163,
20.01,californica,SJ,BF19,155,167,,
20.02,californica,SJ,BF19,155,167,,
20.05,californica,SJ,BF19,155,167,,
20.06,californica,SJ,BF19,155,167,,
21.01,californica,SJ,BF19,155,167,,
21.02,californica,SJ,BF19,155,167,,
22.01,californica,SJ,BF19,155,167,,
22.02,californica,SJ,BF19,155,167,,
22.03,californica,SJ,BF19,155,167,,
22.05,californica,SJ,BF19,155,167,,
22.07,californica,SJ,BF19,155,167,,
23.01,californica,SD,BF19,157,167,,
23.02,californica,SD,BF19,157,167,,
24.01,perennans x rectissima x retrofracta,SB,BF19,151,155,,
27.01,perennans x rectissima x retrofracta,SB,BF19,151,155,,
29.01,perennans x rectissima x retrofracta,SB,BF19,151,155,,
31.01,perennans x rectissima x retrofracta,SB,BF19,151,155,,
32.01,perennans x rectissima x retrofracta,SB,BF19,151,155,,
1.01,californica,SD,BF15,91,95,,
1.03,californica,SD,BF15,91,95,,
2.04,californica,SD,BF15,91,95,,
2.05,californica,SD,BF15,91,95,,
2.06,californica,SD,BF15,91,95,,
3.01,perennans x rectissima x rectrofracta,SD,BF15,91,95,,
4.01,arcuata x retrofracta x sparsiflora,SD,BF15,87,91,93,
5.01,californica,SD,BF15,91,95,,
5.02,californica,SD,BF15,91,95,,
5.04,californica,SD,BF15,91,95,,
6.01,californica,SD,BF15,91,95,,
6.02,californica,SD,BF15,91,95,,
6.03,californica,SD,BF15,91,95,,
6.05,californica,SD,BF15,91,95,,
6.09,californica,SD,BF15,91,95,,
7.01,perennans,SD,BF15,93,,,
7.06,perennans,SD,BF15,93,,,
8.02,arcuata x retrofracta x sparsiflora,SD,BF15,87,91,93,
8.07,arcuata x retrofracta x sparsiflora,SD,BF15,87,91,93,
8.1,arcuata x retrofracta x sparsiflora,SD,BF15,87,91,93,
8.11,arcuata x retrofracta x sparsiflora,SD,BF15,87,91,93,
8.12,arcuata x retrofracta x sparsiflora,SD,BF15,87,91,93,
9.02,californica,SD,BF15,91,95,,
9.04,californica,SD,BF15,91,95,,
9.06,californica,SD,BF15,91,95,,
10.03,californica,SD,BF15,91,95,,
10.06,californica,SD,BF15,91,95,,
10.09,californica,SD,BF15,91,95,,
10.12,californica,SD,BF15,91,95,,
11.01,californica,SD,BF15,91,95,,
11.02,californica,SD,BF15,91,95,,
11.04,californica,SD,BF15,91,95,,
11.07,californica,SD,BF15,91,95,,
12.01,californica,SD,BF15,91,95,,
12.02,californica,SD,BF15,91,95,,
13.02,californica,SD,BF15,91,95,,
13.05,californica,SD,BF15,91,95,,
13.07,californica,SD,BF15,91,95,,
13.09,californica,SD,BF15,91,95,,
14.02,californica,SD,BF15,87,93,,
14.04,californica,SD,BF15,91,95,,
15.01,californica,LA,BF15,91,95,,
15.02,californica,LA,BF15,91,95,,
15.04,californica,LA,BF15,91,95,,
15.06,californica,LA,BF15,91,95,,
16.01,arcuata,LA,BF15,91,,,
16.02,arcuata,LA,BF15,-9,,,
16.03,arcuata,LA,BF15,91,,,
16.04,arcuata,LA,BF15,91,,,
17.04,californica,LA,BF15,91,93,95,
17.05,californica,LA,BF15,91,93,95,
17.06,californica,LA,BF15,91,93,95,
18.01,californica,LA,BF15,91,93,95,
18.02,californica,LA,BF15,91,93,95,
19.02,arcuata x sparsiflora x sparsiflora,LA,BF15,87,91,,
19.03,arcuata x sparsiflora x sparsiflora,LA,BF15,87,91,,
19.06,arcuata x sparsiflora x sparsiflora,LA,BF15,87,91,,
19.07,arcuata x sparsiflora x sparsiflora,LA,BF15,87,91,,
20.01,californica,SJ,BF15,91,95,,
20.02,californica,SJ,BF15,91,95,,
20.05,californica,SJ,BF15,91,95,,
20.06,californica,SJ,BF15,91,95,,
21.01,californica,SJ,BF15,91,95,,
21.02,californica,SJ,BF15,91,95,,
22.01,californica,SJ,BF15,91,95,,
22.02,californica,SJ,BF15,91,95,,
22.03,californica,SJ,BF15,91,95,,
22.05,californica,SJ,BF15,91,95,,
22.07,californica,SJ,BF15,91,95,,
23.01,californica,SD,BF15,91,95,,
23.02,californica,SD,BF15,91,95,,
24.01,perennans x rectissima x retrofracta,SB,BF15,91,95,,
27.01,perennans x rectissima x retrofracta,SB,BF15,91,95,,
29.01,perennans x rectissima x retrofracta,SB,BF15,91,95,,
31.01,perennans x rectissima x retrofracta,SB,BF15,91,95,,
32.01,perennans x rectissima x retrofracta,SB,BF15,91,95,,
1.01,californica,SD,A3,248,,,
1.03,californica,SD,A3,248,,,
2.04,californica,SD,A3,248,,,
2.05,californica,SD,A3,248,,,
2.06,californica,SD,A3,248,,,
3.01,perennans x rectissima x rectrofracta,SD,A3,248,,,
4.01,arcuata x retrofracta x sparsiflora,SD,A3,248,,,
5.01,californica,SD,A3,248,,,
5.02,californica,SD,A3,248,,,
5.04,californica,SD,A3,248,,,
6.01,californica,SD,A3,248,,,
6.02,californica,SD,A3,248,,,
6.03,californica,SD,A3,248,,,
6.05,californica,SD,A3,248,,,
6.09,californica,SD,A3,248,,,
7.01,perennans,SD,A3,248,255,,
7.06,perennans,SD,A3,248,255,,
8.02,arcuata x retrofracta x sparsiflora,SD,A3,248,,,
8.07,arcuata x retrofracta x sparsiflora,SD,A3,248,,,
8.1,arcuata x retrofracta x sparsiflora,SD,A3,248,,,
8.11,arcuata x retrofracta x sparsiflora,SD,A3,248,,,
8.12,arcuata x retrofracta x sparsiflora,SD,A3,248,,,
9.02,californica,SD,A3,248,,,
9.04,californica,SD,A3,248,286,,
9.06,californica,SD,A3,248,,,
10.03,californica,SD,A3,248,,,
10.06,californica,SD,A3,248,,,
10.09,californica,SD,A3,248,,,
10.12,californica,SD,A3,248,,,
11.01,californica,SD,A3,248,,,
11.02,californica,SD,A3,248,,,
11.04,californica,SD,A3,248,,,
11.07,californica,SD,A3,248,,,
12.01,californica,SD,A3,248,,,
12.02,californica,SD,A3,248,,,
13.02,californica,SD,A3,248,,,
13.05,californica,SD,A3,248,,,
13.07,californica,SD,A3,248,,,
13.09,californica,SD,A3,248,,,
14.02,californica,SD,A3,-9,,,
14.04,californica,SD,A3,248,,,
15.01,californica,LA,A3,248,,,
15.02,californica,LA,A3,248,,,
15.04,californica,LA,A3,248,,,
15.06,californica,LA,A3,248,,,
16.01,arcuata,LA,A3,248,,,
16.02,arcuata,LA,A3,-9,,,
16.03,arcuata,LA,A3,248,,,
16.04,arcuata,LA,A3,248,,,
17.04,californica,LA,A3,248,,,
17.05,californica,LA,A3,248,,,
17.06,californica,LA,A3,248,,,
18.01,californica,LA,A3,248,,,
18.02,californica,LA,A3,248,,,
19.02,arcuata x sparsiflora x sparsiflora,LA,A3,248,,,
19.03,arcuata x sparsiflora x sparsiflora,LA,A3,248,,,
19.06,arcuata x sparsiflora x sparsiflora,LA,A3,248,,,
19.07,arcuata x sparsiflora x sparsiflora,LA,A3,248,,,
20.01,californica,SJ,A3,248,,,
20.02,californica,SJ,A3,248,,,
20.05,californica,SJ,A3,248,,,
20.06,californica,SJ,A3,248,,,
21.01,californica,SJ,A3,248,,,
21.02,californica,SJ,A3,244,248,,
22.01,californica,SJ,A3,248,,,
22.02,californica,SJ,A3,248,,,
22.03,californica,SJ,A3,248,,,
22.05,californica,SJ,A3,248,,,
22.07,californica,SJ,A3,248,,,
23.01,californica,SD,A3,248,,,
23.02,californica,SD,A3,248,,,
24.01,perennans x rectissima x retrofracta,SB,A3,248,,,
27.01,perennans x rectissima x retrofracta,SB,A3,248,,,
29.01,perennans x rectissima x retrofracta,SB,A3,248,,,
31.01,perennans x rectissima x retrofracta,SB,A3,248,,,
32.01,perennans x rectissima x retrofracta,SB,A3,248,,,
1.01,californica,SD,B266,131,141,,
1.03,californica,SD,B266,131,,,
2.04,californica,SD,B266,131,147,,
2.05,californica,SD,B266,131,147,,
2.06,californica,SD,B266,131,147,,
3.01,perennans x rectissima x rectrofracta,SD,B266,133,135,137,
4.01,arcuata x retrofracta x sparsiflora,SD,B266,131,139,,
5.01,californica,SD,B266,131,147,,
5.02,californica,SD,B266,131,147,,
5.04,californica,SD,B266,131,147,,
6.01,californica,SD,B266,131,147,,
6.02,californica,SD,B266,131,147,,
6.03,californica,SD,B266,131,147,,
6.05,californica,SD,B266,131,147,,
6.09,californica,SD,B266,131,147,,
7.01,perennans,SD,B266,135,,,
7.06,perennans,SD,B266,135,,,
8.02,arcuata x retrofracta x sparsiflora,SD,B266,129,139,,
8.07,arcuata x retrofracta x sparsiflora,SD,B266,129,139,147,
8.1,arcuata x retrofracta x sparsiflora,SD,B266,129,139,,
8.11,arcuata x retrofracta x sparsiflora,SD,B266,129,139,147,
8.12,arcuata x retrofracta x sparsiflora,SD,B266,129,139,147,
9.02,californica,SD,B266,127,131,143,
9.04,californica,SD,B266,127,131,143,
9.06,californica,SD,B266,127,131,143,
10.03,californica,SD,B266,127,131,141,
10.06,californica,SD,B266,127,131,141,
10.09,californica,SD,B266,127,131,141,
10.12,californica,SD,B266,127,131,141,
11.01,californica,SD,B266,127,131,147,
11.02,californica,SD,B266,127,131,147,
11.04,californica,SD,B266,127,131,147,
11.07,californica,SD,B266,127,131,147,
12.01,californica,SD,B266,131,143,,
12.02,californica,SD,B266,131,143,,
13.02,californica,SD,B266,131,143,,
13.05,californica,SD,B266,131,143,,
13.07,californica,SD,B266,131,143,,
13.09,californica,SD,B266,131,143,,
14.02,californica,SD,B266,-9,,,
14.04,californica,SD,B266,131,141,,
15.01,californica,LA,B266,131,133,135,
15.02,californica,LA,B266,131,133,135,
15.04,californica,LA,B266,131,133,135,
15.06,californica,LA,B266,131,133,135,
16.01,arcuata,LA,B266,133,,,
16.02,arcuata,LA,B266,139,,,
16.03,arcuata,LA,B266,133,,,
16.04,arcuata,LA,B266,133,,,
17.04,californica,LA,B266,133,139,,
17.05,californica,LA,B266,133,139,,
17.06,californica,LA,B266,133,139,,
18.01,californica,LA,B266,-9,,,
18.02,californica,LA,B266,131,139,,
19.02,arcuata x sparsiflora x sparsiflora,LA,B266,137,143,,
19.03,arcuata x sparsiflora x sparsiflora,LA,B266,137,143,,
19.06,arcuata x sparsiflora x sparsiflora,LA,B266,137,143,,
19.07,arcuata x sparsiflora x sparsiflora,LA,B266,137,143,,
20.01,californica,SJ,B266,131,149,,
20.02,californica,SJ,B266,131,149,,
20.05,californica,SJ,B266,131,149,,
20.06,californica,SJ,B266,131,149,,
21.01,californica,SJ,B266,131,141,,
21.02,californica,SJ,B266,131,141,,
22.01,californica,SJ,B266,131,143,,
22.02,californica,SJ,B266,131,143,,
22.03,californica,SJ,B266,131,143,,
22.05,californica,SJ,B266,131,143,,
22.07,californica,SJ,B266,131,143,,
23.01,californica,SD,B266,131,149,,
23.02,californica,SD,B266,131,149,,
24.01,perennans x rectissima x retrofracta,SB,B266,129,133,,
27.01,perennans x rectissima x retrofracta,SB,B266,129,131,135,
29.01,perennans x rectissima x retrofracta,SB,B266,129,131,135,
31.01,perennans x rectissima x retrofracta,SB,B266,129,131,135,
32.01,perennans x rectissima x retrofracta,SB,B266,129,131,135,